Unnamed: 0,-1,0,1,2,3,4,5,6,7,8,9,10,11,12,13,14,15,16,17,18,19,20,21,22,23,24,25,26,27
2,0,6,4,10,16,12,15,6,11,1,28,7,17,22,2,0,22,20,26,6,3,19,6,25,25,0,13,10,20
3,0,28,29,29,19,26,8,2,18,14,4,19,10,24,3,14,24,9,27,5,3,27,9,5,27,7,15,9,17
4,0,14,9,22,15,19,16,18,12,13,4,10,26,20,28,5,20,9,18,10,25,18,19,6,25,8,24,10,4
5,0,7,21,25,16,13,16,11,10,4,9,21,6,9,10,6,8,28,27,2,2,9,14,11,17,17,14,6,10
6,0,18,21,21,5,12,10,0,21,10,23,10,23,9,10,13,8,28,27,14,8,4,12,18,20,24,12,7,11
7,0,27,28,28,15,12,7,4,16,17,7,10,12,29,28,17,21,12,16,23,22,18,6,16,24,8,21,24,18
10,0,24,27,26,18,8,28,29,0,18,8,12,23,5,28,5,27,27,27,10,4,9,24,16,12,22,1,22,2
11,0,0,0,27,0,2,22,9,17,16,10,1,14,4,23,10,19,7,2,20,16,6,2,7,27,16,21,3,15
12,0,23,5,14,12,10,2,20,24,25,26,10,6,4,27,13,1,28,25,7,19,4,5,14,26,24,14,11,13
13,0,7,16,21,15,28,5,2,23,2,13,2,20,3,22,16,11,23,26,10,7,2,16,18,15,24,19,8,9
14,0,0,0,28,0,3,19,9,15,17,11,1,14,24,0,26,3,23,27,0,5,27,27,25,27,12,21,4,11
15,0,9,5,14,19,14,26,1,26,9,10,13,29,28,3,5,26,6,27,2,3,26,6,16,12,3,10,0,20
18,0,13,15,22,17,17,19,26,3,2,28,1,17,27,28,28,1,9,17,7,23,27,27,20,0,15,0,26,8
19,0,5,12,17,17,16,13,14,9,3,10,19,7,14,21,7,2,19,26,12,3,14,13,13,17,15,0,27,1
20,0,17,21,22,5,17,13,0,18,8,22,12,23,5,29,4,21,29,29,21,11,8,17,17,21,23,11,24,5
21,0,6,5,10,14,9,8,0,20,27,6,0,16,25,28,0,22,23,26,10,3,16,5,21,23,18,0,26,3
22,0,14,21,25,19,19,16,19,4,8,9,15,7,26,3,9,23,10,27,14,2,18,0,25,28,3,12,1,12
23,0,2,5,6,6,18,20,20,5,14,22,19,3,26,27,3,26,7,16,23,0,23,23,18,7,3,14,3,14
26,0,5,5,9,13,0,16,13,22,29,0,19,0,22,26,13,11,26,27,6,1,13,6,26,26,19,3,23,1
27,0,21,14,22,18,19,23,25,1,16,10,5,3,10,28,0,22,19,18,14,21,14,15,21,20,12,21,9,11
28,0,6,5,13,13,13,29,28,2,11,1,27,7,25,21,10,26,5,22,0,0,27,9,23,21,1,11,25,9
29,0,8,8,18,17,17,5,10,28,8,4,22,9,26,28,3,20,3,26,16,1,18,25,10,8,0,23,6,4
30,0,10,21,23,5,22,11,1,18,6,18,17,29,13,28,12,20,26,26,7,4,11,18,18,17,20,8,2,7
31,0,5,6,14,15,17,14,13,1,6,4,24,7,21,24,12,25,21,27,0,9,19,13,14,21,10,3,24,5
34,0,8,6,9,8,0,10,10,22,25,13,8,24,13,10,14,9,27,26,9,3,5,4,24,24,23,8,13,7
35,0,4,5,13,12,17,15,16,5,3,18,10,3,19,28,4,20,23,26,5,10,14,26,5,2,16,2,22,5
36,0,13,24,23,17,4,15,7,17,9,17,15,0,9,28,18,25,24,26,7,3,12,24,16,13,15,26,24,0
37,0,13,9,12,8,0,14,1,27,27,14,5,22,0,29,26,21,26,26,2,7,2,0,15,27,21,15,7,12
38,0,8,19,21,19,17,7,4,12,7,8,16,6,14,24,13,28,22,25,5,7,15,25,11,10,13,5,13,7
39,0,21,19,21,11,0,15,2,25,25,11,0,10,4,22,12,19,18,6,14,14,5,6,0,28,20,18,5,13
42,0,4,5,12,19,14,24,27,1,1,18,9,9,25,28,4,20,21,26,1,3,16,25,3,6,26,0,27,4
43,0,5,5,6,9,0,14,14,24,19,15,6,24,4,20,4,16,28,28,8,2,10,5,25,23,21,15,20,1
44,1,15,28,26,0,16,12,14,2,14,9,6,10,19,2,17,24,9,13,0,0,25,26,25,2,4,13,10,4
45,1,28,27,26,14,28,7,16,10,26,12,2,9,24,21,19,7,21,18,3,17,11,16,17,15,21,1,27,4
46,1,14,26,25,16,11,12,9,5,8,9,10,7,12,1,21,27,0,0,29,4,19,16,3,11,11,19,27,22
47,1,29,29,29,13,28,4,16,13,26,14,3,1,28,3,24,15,22,15,2,13,7,11,23,23,25,0,27,3
50,1,29,29,27,14,23,12,23,6,27,24,13,24,10,16,26,16,23,9,12,11,2,8,9,23,25,20,4,6
51,1,11,26,25,17,7,14,12,7,7,11,13,25,10,6,17,27,9,25,18,5,15,19,12,9,12,7,0,12
52,1,25,28,23,27,22,12,12,6,22,10,4,12,20,5,26,3,13,4,21,18,13,12,19,18,14,21,7,9
53,1,28,29,28,17,19,23,24,7,21,17,5,26,14,5,23,10,18,5,23,12,4,19,19,14,24,12,2,8
54,1,28,28,27,14,10,18,14,6,16,10,11,27,14,4,12,2,14,25,22,5,13,23,15,11,19,26,12,0
55,1,17,28,27,18,5,20,16,7,6,14,19,26,8,6,7,1,22,27,22,5,10,19,12,9,21,24,7,14
58,1,19,26,23,14,12,14,14,4,17,5,14,1,18,3,25,29,0,4,24,4,17,23,12,11,12,22,26,24
59,1,27,25,23,13,23,18,19,8,24,14,2,4,20,15,19,5,21,10,9,15,12,17,15,16,14,25,20,8
60,1,0,0,29,0,13,17,15,5,15,18,10,25,9,3,18,12,18,14,17,10,2,15,17,15,24,17,7,3
61,1,0,29,29,1,18,10,9,5,0,17,5,16,27,10,16,24,1,23,21,18,21,26,25,6,9,1,24,8
62,1,27,26,25,13,23,17,21,7,15,13,0,16,21,8,19,1,5,1,26,21,16,22,18,11,13,2,23,5
63,1,29,29,29,13,11,25,21,8,21,23,15,24,5,5,14,13,19,14,15,10,1,26,22,10,25,11,15,23
66,1,24,26,24,18,16,20,16,10,16,11,3,12,16,4,13,25,2,26,21,24,23,20,17,8,8,17,5,14
67,1,20,26,13,25,22,10,7,7,21,15,7,28,12,5,23,12,19,7,22,12,2,8,15,22,24,19,3,8
68,1,26,26,24,14,17,21,19,8,19,11,5,9,14,2,20,29,12,5,25,21,16,19,15,14,10,23,13,8
69,1,29,29,29,15,14,23,24,5,17,9,4,8,16,4,12,26,10,27,25,25,22,19,12,10,7,16,4,6
70,1,20,27,25,16,12,11,7,8,8,9,8,10,18,8,16,29,6,22,21,7,18,22,10,12,0,26,27,0
71,1,28,29,28,13,7,27,23,9,16,20,12,25,6,21,3,3,15,20,15,9,5,23,14,9,24,9,8,22
74,1,19,27,26,18,7,24,20,9,10,11,11,27,8,6,9,6,7,13,22,8,10,23,16,10,23,25,13,0
75,1,26,27,26,14,14,10,14,1,18,8,10,2,25,9,6,24,2,16,1,2,21,19,9,13,4,10,16,10
76,1,0,0,26,0,2,29,28,4,11,19,11,25,4,14,1,10,0,0,29,8,4,19,16,13,24,9,9,23
77,1,27,28,27,14,15,21,22,4,1,15,7,16,29,28,13,22,3,1,29,27,23,14,8,28,3,14,21,1
78,1,18,27,25,17,9,17,12,8,9,10,13,28,11,6,12,3,15,23,17,6,14,23,10,9,11,26,27,0
79,1,22,28,28,15,5,23,20,6,6,15,9,23,4,15,2,9,1,4,16,7,6,18,10,12,27,26,24,0
82,1,26,27,27,15,13,21,19,7,15,15,5,25,12,2,25,9,17,11,21,10,4,22,21,10,24,10,8,5
83,2,28,8,16,26,2,20,10,10,1,1,6,16,12,28,17,26,3,24,16,1,16,3,24,24,4,4,17,17
84,2,29,16,17,2,27,8,27,18,28,3,8,25,25,0,29,17,28,26,25,22,5,5,21,0,24,5,25,17
85,2,0,23,17,4,3,9,9,20,13,14,10,16,26,1,14,23,24,14,13,7,1,2,27,25,27,3,17,3
86,2,9,19,0,0,0,29,29,12,8,20,6,16,4,6,7,9,24,17,13,5,6,2,26,25,26,7,6,8
87,2,29,18,4,0,2,29,26,15,27,13,2,16,1,23,28,19,29,28,28,20,1,0,17,27,25,5,25,17
90,2,28,7,6,6,3,9,8,20,12,5,9,0,27,1,8,23,22,10,25,14,11,2,26,22,25,2,21,11
91,2,1,1,6,0,6,25,21,7,4,1,12,15,16,17,17,29,5,17,8,7,17,2,26,24,9,4,16,13
92,2,29,8,18,27,1,25,26,11,29,25,8,23,0,27,28,3,28,3,16,2,1,1,22,3,9,4,16,13
93,2,29,17,2,12,8,27,22,16,26,4,15,24,10,3,28,5,20,1,27,24,10,2,25,24,14,6,25,17
94,2,15,1,11,25,7,20,15,16,22,21,20,2,8,5,26,27,11,1,27,26,15,4,23,22,9,9,2,19
95,2,29,19,3,1,2,5,20,4,9,0,17,13,6,0,18,3,13,15,7,11,10,3,26,23,9,9,2,19
98,2,23,22,6,0,2,16,7,19,28,0,6,19,0,4,22,8,25,11,21,10,0,2,25,25,26,4,20,2
99,2,29,20,1,1,8,15,13,19,13,0,27,24,0,23,19,13,2,0,28,21,3,0,27,0,12,5,25,16
100,2,28,6,24,0,2,26,23,17,29,1,9,17,15,0,29,16,0,0,28,15,0,2,26,23,26,4,26,16
101,2,0,10,13,3,29,0,27,0,29,1,5,17,0,18,22,19,29,28,28,18,0,2,23,25,26,5,26,17
102,2,18,6,23,6,3,25,15,13,15,12,19,25,28,2,16,23,27,24,4,1,27,2,14,23,8,5,25,16
103,2,20,2,24,27,9,23,16,13,19,25,20,7,6,0,24,25,10,22,18,27,22,5,23,25,5,8,23,15
106,2,3,1,16,0,5,23,18,7,13,3,23,13,16,24,19,26,12,23,12,25,18,4,6,26,0,9,24,13
107,2,1,22,25,5,2,7,3,21,29,0,2,17,28,1,12,22,25,13,11,7,0,2,25,24,24,3,25,17
108,2,11,21,5,5,6,19,15,19,24,10,0,1,0,5,15,18,1,0,27,16,0,0,27,0,21,6,26,16
109,3,7,8,4,1,11,26,26,4,2,22,26,27,13,8,9,5,15,22,8,18,25,0,11,0,25,26,26,0
110,3,10,23,2,3,22,23,19,12,18,24,7,28,11,12,29,12,11,4,29,16,7,10,13,16,19,4,25,1
111,3,10,14,5,17,26,5,2,23,6,18,22,26,9,20,6,8,13,24,13,15,8,24,16,8,15,9,17,22
114,3,7,12,9,21,18,16,1,19,5,15,20,2,14,12,10,6,2,26,2,11,9,26,20,6,17,24,0,14
115,3,18,9,4,28,16,27,22,12,12,23,9,22,4,28,26,9,21,23,25,14,6,23,16,11,19,8,20,24
116,3,11,8,5,28,18,27,21,4,4,26,12,8,22,11,28,29,1,23,20,4,27,0,24,0,10,25,23,23
117,3,1,22,3,3,8,18,14,4,13,27,6,11,12,12,11,7,16,3,5,2,8,27,23,6,16,22,10,15
118,3,14,9,5,24,17,27,3,11,4,27,5,24,23,7,21,28,29,29,26,0,20,20,9,10,7,26,20,0
119,3,6,11,10,0,14,21,26,1,1,23,20,3,20,3,24,29,8,24,13,6,16,24,22,10,11,1,22,6
122,3,19,8,4,26,23,27,28,2,10,21,21,29,27,17,1,27,29,2,0,25,25,14,24,28,1,16,11,2
123,3,16,23,15,2,22,23,21,2,22,24,5,6,5,28,29,13,19,11,14,15,9,8,11,22,17,23,19,5
124,3,14,11,6,18,27,8,2,23,7,14,16,1,9,12,14,11,16,24,29,13,6,19,14,12,18,18,2,21
125,3,17,12,9,0,16,29,28,4,6,9,18,11,0,0,25,0,5,24,24,25,27,0,27,21,3,12,1,3
126,3,13,12,11,28,20,11,24,0,28,3,29,6,26,10,15,26,2,22,14,18,21,16,3,9,2,10,20,10
127,3,26,9,3,17,15,27,13,20,27,24,19,16,11,26,27,13,19,14,11,18,10,12,12,20,17,19,2,4
130,3,17,10,10,21,26,9,10,22,10,15,12,26,7,23,27,13,19,23,26,16,5,11,12,10,18,20,1,22
131,3,15,23,6,2,21,2,27,27,19,23,3,8,13,25,24,10,13,4,18,19,11,12,12,17,14,25,14,4
132,3,18,7,4,7,1,26,18,20,20,21,8,19,9,17,21,13,24,2,1,3,12,1,23,4,19,11,21,24
133,3,10,9,2,25,17,1,7,0,3,27,18,23,11,11,5,6,24,6,0,1,6,27,24,4,16,23,18,23
134,3,13,23,7,6,1,26,9,27,11,20,12,7,20,10,12,27,8,28,27,27,26,17,19,2,3,14,2,14
135,3,28,10,3,6,18,20,17,9,18,4,23,6,17,25,18,5,24,29,29,22,18,11,17,20,11,20,1,9
138,3,21,9,5,23,29,21,5,23,15,27,18,10,27,20,2,23,7,14,16,0,25,19,19,1,3,17,6,24
139,3,9,8,3,2,24,0,29,4,4,24,20,22,12,4,17,4,15,22,12,12,18,0,0,0,16,0,23,24
140,3,10,11,14,14,17,24,21,12,4,12,24,7,23,9,12,27,28,28,18,0,19,13,5,12,7,2,13,7
141,3,17,8,4,28,28,0,27,0,0,26,7,17,27,14,3,24,3,15,1,2,24,19,1,8,27,2,24,0
142,3,12,9,3,19,5,24,0,21,4,27,12,22,8,15,5,9,20,12,1,25,4,26,23,6,15,13,6,20
143,3,23,8,4,14,3,26,18,20,28,26,17,19,10,26,25,14,26,2,5,15,5,25,24,8,20,19,15,25
146,3,24,8,5,19,28,11,21,20,20,26,21,23,17,23,16,6,12,7,12,24,18,22,1,10,9,22,8,8
147,3,18,10,6,24,24,17,28,5,1,13,3,13,27,18,2,24,28,12,7,27,25,22,24,1,4,19,20,24
148,3,22,8,2,25,28,1,27,0,17,23,18,4,17,17,9,29,7,8,21,28,25,13,2,23,4,16,5,14
149,3,19,16,10,26,27,5,8,17,9,7,20,10,27,17,6,25,3,1,26,26,26,9,0,27,5,14,2,22
150,3,14,21,2,4,10,15,1,25,7,21,8,24,15,18,12,29,6,3,28,24,18,24,15,6,8,19,8,4
151,3,24,10,11,22,14,22,23,4,18,11,12,5,10,27,24,11,5,1,24,20,11,10,14,16,14,20,0,11
154,3,23,10,8,19,12,21,16,12,20,15,21,29,7,27,24,15,0,0,27,19,8,6,13,20,17,20,0,23
155,3,25,5,4,6,23,28,28,13,16,22,9,27,17,23,20,6,29,29,4,8,15,18,11,13,17,0,17,0
156,3,20,9,2,22,11,23,1,22,14,29,17,25,10,12,24,10,18,22,26,17,7,20,13,11,19,18,5,22
157,3,24,8,3,22,5,27,18,20,1,10,3,17,10,27,25,12,26,2,3,11,9,23,23,9,17,24,21,2
158,3,17,10,6,27,24,10,25,2,6,19,23,2,28,17,3,24,5,10,10,0,22,20,1,1,3,13,11,7
159,3,21,8,2,22,12,29,28,6,15,19,16,27,19,20,11,0,7,15,14,26,22,21,14,3,4,17,8,15
162,4,15,25,25,18,17,0,29,1,5,8,19,8,19,8,18,0,14,27,21,8,18,15,0,26,10,1,17,2
163,4,12,8,8,22,5,17,5,6,10,26,0,15,6,8,8,14,1,1,23,10,7,6,17,22,21,3,13,4
164,4,7,14,17,27,23,8,2,16,3,18,18,29,12,11,7,7,15,19,3,16,2,27,26,4,24,0,27,6
165,4,20,12,15,16,25,6,12,12,15,10,9,1,20,21,16,3,6,1,24,23,17,15,11,11,10,13,4,18
166,4,20,20,22,26,22,12,29,4,10,7,18,11,29,27,9,22,3,18,25,26,25,22,25,4,1,12,3,5
167,4,17,24,1,8,21,1,27,3,8,8,18,10,28,14,7,23,4,11,6,0,25,6,0,9,5,5,7,9
170,4,22,25,25,18,22,22,28,3,14,8,15,8,25,16,5,28,12,29,28,27,22,17,14,7,4,12,17,16
171,4,8,18,18,15,8,26,22,10,0,24,8,13,5,12,3,6,15,20,14,9,9,10,6,17,22,1,25,6
172,4,1,0,9,0,16,15,22,2,14,7,8,0,17,2,22,28,4,25,24,7,19,6,6,22,11,0,24,6
173,4,6,17,15,15,14,2,26,3,6,3,27,4,12,7,5,6,14,21,7,20,14,16,1,27,11,12,10,13
174,4,7,16,22,26,17,16,18,6,4,7,23,7,15,11,12,2,4,23,18,5,16,24,19,7,6,25,26,0
175,4,6,9,8,0,5,24,16,10,7,26,0,13,5,15,2,7,0,1,22,8,9,7,12,24,18,7,10,3
178,4,22,11,11,16,18,24,22,12,14,14,3,22,20,24,19,9,15,6,12,18,13,16,14,14,15,14,4,14
179,4,20,7,7,27,18,18,20,1,20,0,28,5,25,13,7,26,4,0,29,27,22,16,8,2,1,13,25,16
180,4,10,19,18,19,8,28,27,8,7,7,28,2,6,11,3,10,8,13,18,10,7,12,5,22,22,23,25,17
181,4,7,22,3,22,12,14,11,5,4,21,1,15,18,16,22,4,8,13,18,21,15,1,9,26,9,12,11,13
182,4,27,28,28,21,23,11,12,9,19,21,29,28,15,5,27,13,11,3,25,15,6,4,18,24,23,11,1,10
183,4,6,20,20,18,11,21,29,7,4,8,26,6,6,16,4,4,28,28,17,12,10,14,1,27,17,8,15,20
186,4,10,19,18,18,13,20,17,11,6,5,28,5,6,6,6,11,0,0,29,9,6,11,5,14,22,3,17,8
187,4,1,3,5,0,22,0,29,3,5,5,27,3,11,9,11,29,8,25,18,5,15,9,1,26,11,23,9,17
188,4,24,23,24,25,9,3,15,27,16,12,20,4,20,17,17,2,9,3,24,22,17,8,17,17,10,15,6,12
189,4,21,14,15,20,18,22,18,17,9,16,1,19,22,19,24,16,20,9,6,17,8,7,15,20,20,13,3,14
190,4,19,7,11,27,21,3,11,0,15,8,19,6,29,25,8,22,6,1,28,28,25,10,19,0,0,20,27,15
191,4,6,7,14,10,11,25,20,8,3,7,22,9,12,4,12,1,7,22,16,5,16,11,5,14,11,3,9,10
194,4,27,28,28,20,18,9,11,25,11,8,19,7,28,19,4,23,4,2,29,28,25,12,16,28,0,14,6,19
195,4,7,8,8,9,15,21,17,28,2,14,17,13,18,5,18,28,4,23,15,7,19,10,6,14,8,3,12,3
196,4,17,7,15,28,19,25,26,10,16,7,28,2,16,2,21,28,8,7,22,24,19,11,7,13,8,11,11,13
197,4,15,8,14,23,2,18,5,15,6,27,3,16,14,3,26,14,16,15,19,13,5,5,12,23,21,13,0,7
198,4,5,10,11,25,9,8,7,11,9,20,22,25,7,11,5,11,18,19,3,10,27,0,26,0,20,2,23,2
199,4,21,27,27,20,17,0,29,28,7,6,22,8,26,13,7,25,2,20,0,24,22,18,11,6,3,9,14,10
202,4,26,23,17,4,21,28,27,17,22,26,17,9,21,13,24,16,18,7,12,15,11,25,3,0,19,16,3,11
203,4,25,19,20,25,25,19,22,10,22,23,21,26,18,18,20,9,19,8,13,18,12,5,17,23,16,13,0,2
204,4,17,16,16,21,25,16,12,13,7,20,8,14,29,29,16,22,3,1,28,27,26,7,8,2,3,10,6,17
205,4,22,6,8,28,25,25,11,0,22,23,12,4,17,20,20,8,13,5,15,19,13,5,19,24,14,16,5,11
206,4,15,9,12,18,12,16,11,18,16,22,10,22,11,14,26,17,17,7,14,17,4,8,12,10,20,12,3,13
207,4,13,6,7,11,21,20,16,10,6,18,13,14,28,17,14,24,2,17,16,20,26,6,20,13,4,10,21,17
210,5,23,21,19,21,18,28,14,16,22,29,29,5,5,25,26,17,17,6,15,17,1,12,15,21,27,7,22,8
211,5,1,0,17,19,9,8,3,25,19,9,3,22,3,15,2,19,26,28,25,13,1,19,10,15,27,6,16,7
212,5,0,0,26,0,6,6,1,7,17,9,3,13,10,7,4,6,5,1,23,25,27,25,27,28,25,4,12,9
213,5,28,29,29,18,5,8,0,24,17,13,1,24,27,0,25,16,21,22,22,15,1,15,7,14,27,7,22,5
214,5,20,5,11,13,5,9,5,9,23,2,25,6,20,1,27,9,14,5,20,20,7,22,13,23,26,7,22,8
215,5,24,28,26,20,13,8,11,4,10,6,13,13,14,3,18,27,1,0,26,0,26,12,24,24,17,4,12,9
218,5,29,29,29,18,25,6,2,24,16,13,9,23,3,12,2,12,29,29,29,15,0,27,25,4,27,4,6,4
219,5,0,4,11,24,0,27,10,26,29,27,11,19,1,20,0,22,24,18,4,4,10,18,21,23,27,10,0,13
220,5,14,24,21,20,11,22,19,9,10,3,24,12,6,0,23,24,4,4,26,27,26,15,15,21,11,22,12,7
221,5,14,28,28,20,3,10,4,17,1,27,20,10,4,9,1,10,2,22,27,5,27,0,27,0,26,5,18,6
222,5,11,20,19,21,1,7,4,25,16,9,26,3,1,27,26,16,18,16,15,12,1,8,9,8,27,9,25,7
223,5,0,4,12,24,23,3,2,1,27,23,1,19,2,12,1,21,19,17,10,8,5,25,11,7,26,4,11,7
226,5,17,23,24,20,26,15,17,17,14,6,26,11,16,8,6,25,2,0,27,0,18,25,20,4,15,5,14,6
227,5,0,13,25,22,1,8,0,23,29,29,16,18,2,22,0,17,25,12,0,2,21,19,0,27,3,19,4,23
228,5,1,1,0,2,1,11,0,25,14,27,4,18,4,19,1,11,20,23,4,14,2,26,20,6,8,14,26,14
229,5,5,1,5,0,1,8,3,20,27,12,1,21,4,18,9,20,0,0,28,0,6,26,27,27,27,6,21,7
230,5,0,0,22,0,2,28,19,13,2,27,14,26,6,19,0,27,2,24,2,1,3,26,18,8,25,6,13,16
231,5,2,0,10,0,3,5,2,15,22,9,1,14,5,21,10,19,25,29,26,22,27,27,27,0,26,4,12,9
234,5,19,23,24,19,19,14,12,15,19,1,26,7,8,9,10,2,10,14,17,23,14,23,10,21,23,8,18,8
235,5,0,7,15,24,24,3,4,26,26,23,1,19,8,12,6,16,19,19,17,11,3,26,19,6,25,4,11,7
236,5,3,25,25,19,4,12,6,15,3,6,10,23,5,18,1,27,4,25,24,4,2,27,24,3,25,5,18,6
237,5,6,25,22,23,2,5,2,25,10,3,24,11,3,7,10,18,13,12,20,10,1,18,7,9,27,8,24,8
238,5,13,16,21,20,7,6,0,0,11,6,15,12,24,11,3,23,5,3,27,28,22,19,1,1,13,5,18,6
239,5,0,6,19,24,8,23,0,22,29,28,2,17,1,21,0,21,3,26,29,28,20,22,11,4,0,19,25,25
242,5,4,11,21,21,9,3,23,2,10,0,28,6,19,7,4,24,2,21,18,20,18,23,16,9,15,5,18,6
243,5,3,19,23,20,4,22,20,8,0,8,11,12,7,7,7,3,1,16,21,7,12,23,2,3,18,22,12,7
244,5,0,17,21,23,15,28,11,18,26,23,1,22,7,15,16,12,12,9,18,10,3,26,22,7,24,2,11,6
245,5,7,27,26,24,6,5,1,26,6,3,26,12,3,9,5,16,1,3,24,9,1,22,8,11,27,5,14,6
246,5,3,21,23,21,6,18,18,9,3,7,19,8,9,18,13,28,6,26,17,6,0,27,26,4,22,5,18,6
247,6,20,10,12,13,27,25,11,26,22,13,9,28,11,11,22,15,5,1,24,19,7,3,23,8,19,23,23,23
250,6,21,11,8,23,4,18,8,19,14,20,0,19,20,11,21,5,8,2,22,20,14,10,13,17,18,26,27,25
251,6,12,15,10,20,25,7,8,18,9,8,17,11,16,22,15,6,14,17,3,17,14,12,18,10,15,0,13,5
252,6,20,9,16,19,1,6,10,25,17,23,9,3,21,12,19,1,1,0,28,23,21,20,20,1,8,26,25,5
253,6,18,22,3,4,29,2,9,23,13,3,26,6,19,2,23,13,14,11,18,13,4,13,8,10,22,11,2,20
254,6,23,7,13,14,1,11,10,25,21,14,11,5,12,18,19,11,4,1,23,20,9,15,11,9,16,25,24,24
255,6,21,12,5,12,13,14,8,19,17,22,3,22,25,14,16,28,14,18,7,25,21,19,17,10,12,0,27,25
258,6,20,10,10,18,28,5,9,21,0,19,2,17,26,4,15,24,8,27,23,26,0,0,27,1,16,10,0,11
259,6,15,6,7,12,21,27,21,5,21,14,13,25,11,6,22,17,14,5,21,17,4,5,21,6,20,12,15,21
260,6,14,25,3,7,4,28,24,12,6,3,27,7,7,6,8,10,24,27,26,10,7,13,0,4,22,21,27,16
261,6,27,23,0,3,19,17,8,11,25,7,18,5,19,20,19,5,15,5,12,19,15,12,15,14,12,24,25,4
262,6,22,14,12,23,18,14,5,19,8,21,7,21,28,16,13,24,12,28,21,25,25,17,18,0,8,17,22,25
263,6,3,21,5,6,7,21,11,13,2,14,25,4,13,6,11,4,5,24,20,6,14,9,1,21,14,0,24,2
266,6,27,26,25,17,12,14,21,27,22,7,17,6,19,10,17,1,7,1,23,23,20,15,8,20,8,20,12,8
267,6,8,7,8,13,15,21,23,3,10,3,25,8,20,14,18,2,23,4,2,1,17,7,17,7,12,0,24,4
268,6,18,20,7,4,2,14,2,21,8,18,0,18,13,9,20,15,12,4,19,17,5,6,11,15,19,23,20,23
269,6,20,7,13,17,1,17,3,25,18,20,12,5,26,14,10,26,11,28,24,26,25,17,20,4,5,11,11,13
270,6,11,24,1,2,2,19,6,21,7,17,1,18,16,3,22,16,14,5,20,15,3,4,12,16,21,19,14,22
271,6,2,9,12,20,3,25,5,26,1,27,4,3,7,7,6,11,15,21,10,11,11,26,27,28,18,3,20,17
274,6,4,7,11,19,7,22,12,3,0,25,7,21,12,6,13,5,13,20,8,13,19,0,6,0,16,1,22,4
275,6,7,10,9,24,12,6,5,24,7,17,7,20,23,0,24,14,14,11,19,13,3,7,11,13,22,15,13,21
276,6,23,23,1,3,12,13,2,22,19,4,28,4,16,4,20,15,15,6,17,14,4,6,17,10,21,13,9,22
277,6,24,19,17,24,1,7,21,23,23,20,17,6,18,19,16,6,0,0,29,22,13,18,8,12,13,25,24,25
278,6,12,14,13,16,18,20,26,2,13,3,24,8,23,10,8,27,3,15,2,2,21,10,14,7,4,4,22,13
279,6,18,7,10,18,2,24,22,27,14,12,13,4,29,28,13,22,6,4,26,28,0,14,13,28,4,4,22,13
282,6,27,23,1,3,12,22,8,18,26,5,25,3,18,17,21,14,20,10,5,14,7,9,11,13,20,21,22,25
283,6,12,26,8,7,25,5,5,24,4,17,22,26,6,8,6,11,27,28,28,10,7,6,8,9,16,16,12,10
284,6,9,11,14,23,10,28,24,28,2,25,13,28,22,4,19,26,2,16,20,19,19,18,1,14,1,24,8,0
285,6,20,9,10,17,20,18,19,12,18,8,12,9,26,15,4,24,7,20,27,28,27,10,16,16,0,26,27,0
286,6,10,23,3,4,14,23,24,3,13,0,28,7,17,8,14,3,28,1,5,1,16,24,19,1,0,18,25,13
287,6,4,7,12,17,0,16,0,22,0,18,11,18,6,5,15,15,14,15,17,13,3,24,25,1,20,8,4,19
290,6,18,22,4,4,23,13,13,14,11,4,20,10,23,17,24,29,24,4,2,1,21,18,18,2,9,7,26,16
291,6,26,19,18,17,13,22,6,12,26,7,24,5,17,22,21,9,19,6,9,18,12,9,13,14,17,1,27,1
292,6,20,7,6,17,29,2,10,22,20,2,21,11,27,12,7,25,7,13,0,0,24,26,27,1,3,13,12,2
293,6,8,17,18,18,10,18,14,27,29,29,13,0,19,20,21,1,0,1,28,6,12,27,24,3,12,2,17,10
294,6,6,24,1,6,28,4,9,25,3,15,9,21,7,4,14,15,10,11,16,11,4,7,7,8,20,13,3,20
295,7,25,18,18,25,6,23,10,20,21,17,3,24,24,5,22,18,22,10,5,12,2,8,5,25,24,21,1,19
298,7,10,19,19,21,22,12,5,20,9,4,25,9,9,9,8,10,22,19,1,13,8,22,4,15,1,0,26,21
299,7,10,19,19,20,6,12,0,22,11,1,28,5,8,7,8,16,9,15,22,11,3,19,8,14,23,12,9,20
300,7,22,18,15,20,1,27,5,26,17,25,12,25,21,4,16,27,10,22,18,26,27,11,19,22,7,16,5,23
301,7,26,19,20,24,4,26,15,19,21,12,1,12,19,16,18,14,21,12,6,13,6,11,8,16,19,22,2,24
302,7,7,1,19,26,14,5,1,21,11,11,12,1,17,14,14,6,18,11,1,22,15,11,7,17,15,10,10,19
303,7,5,1,25,26,23,9,1,25,7,10,4,20,9,10,7,13,18,20,3,16,8,17,1,14,18,12,4,16
306,7,18,27,27,27,16,18,13,9,9,8,19,11,22,5,8,25,4,13,0,0,25,8,16,16,7,1,21,4
307,7,21,19,19,23,20,9,6,16,18,2,26,7,14,16,15,2,9,6,17,24,9,27,26,2,9,19,2,11
308,7,14,7,10,23,20,26,7,5,12,9,14,9,25,12,11,27,2,22,12,19,22,19,7,10,1,23,7,0
309,7,28,29,29,22,25,8,16,13,17,2,27,7,24,8,10,23,7,9,25,28,25,15,5,1,4,17,11,19
310,7,27,29,28,23,18,27,1,12,8,27,3,5,29,20,6,22,5,22,23,27,27,13,20,8,1,15,8,25
311,7,25,22,23,23,12,18,13,15,25,0,28,4,15,16,17,8,9,2,19,20,12,23,12,11,13,23,2,6
314,7,16,24,24,20,27,8,10,10,9,6,23,10,23,15,18,0,3,16,3,2,17,19,3,16,9,1,18,23
315,7,24,7,10,15,28,17,4,21,24,25,18,6,23,1,28,13,12,2,20,18,7,7,6,24,16,18,2,14
316,7,24,12,22,25,1,14,7,24,23,20,9,23,20,8,25,18,21,5,13,14,2,7,10,16,25,24,15,24
317,7,25,8,7,19,8,16,8,16,27,22,5,22,21,9,21,10,16,6,13,18,8,1,11,27,15,24,12,3
318,7,25,23,0,2,3,22,8,18,26,20,2,19,10,19,16,20,16,6,13,14,6,22,2,28,21,24,13,25
319,7,22,27,28,26,10,11,6,23,16,21,12,24,12,4,23,17,19,8,15,13,1,16,12,14,25,15,3,20
322,7,12,7,12,27,5,10,3,0,9,11,15,27,8,10,8,15,18,19,5,9,7,22,7,9,22,4,5,25
323,7,8,1,26,24,3,11,3,23,25,19,7,22,29,0,28,17,16,19,24,12,2,5,13,25,23,19,9,21
324,7,25,14,17,18,22,24,22,14,23,16,23,4,16,2,27,5,26,28,26,21,14,13,5,15,12,15,6,13
325,7,22,23,23,21,24,12,16,12,16,3,23,8,26,15,3,25,6,18,19,28,25,21,15,2,3,18,7,16
326,7,19,18,13,20,8,11,2,23,29,25,18,21,6,21,23,19,15,7,23,14,3,23,0,28,23,21,7,22
327,7,13,16,23,28,6,14,4,21,12,23,17,24,14,2,23,14,20,15,7,9,2,20,12,9,24,7,6,23
330,8,0,19,6,2,17,19,10,16,23,18,4,9,19,20,3,0,17,29,25,27,21,25,8,27,7,8,24,16
331,8,27,3,16,27,0,29,29,15,27,19,1,17,0,29,23,19,29,28,28,20,3,20,5,27,26,7,23,17
332,8,1,2,16,26,9,0,24,9,2,28,0,0,2,20,0,18,23,17,17,6,2,1,26,26,24,3,21,8
333,8,27,6,20,25,29,0,27,21,28,9,6,21,3,24,17,15,27,22,23,23,3,1,17,26,22,7,23,17
334,8,14,4,21,0,9,16,15,1,14,22,10,0,26,23,2,0,6,21,22,27,25,5,20,21,3,9,15,16
335,8,1,4,3,2,7,7,3,22,5,8,20,0,27,2,9,22,25,20,23,8,0,1,26,26,25,2,18,8
338,8,10,1,16,25,10,20,14,6,1,18,26,17,15,26,23,1,18,16,11,11,16,6,20,22,19,2,17,9
339,8,28,6,20,2,4,23,12,17,12,15,7,9,17,26,29,24,12,21,23,28,16,4,22,17,8,11,5,19
340,8,7,1,9,28,6,1,27,6,1,3,24,15,7,4,13,5,17,15,15,5,10,4,22,25,18,4,20,16
341,8,8,3,21,26,6,1,24,4,8,29,15,18,4,29,28,4,22,11,13,8,11,6,21,22,18,4,20,16
342,8,1,4,1,2,8,11,7,19,14,7,1,20,1,4,22,12,27,21,24,12,0,1,26,26,26,8,22,14
343,8,9,2,16,27,29,0,29,0,12,5,19,29,13,29,28,29,15,21,8,7,15,4,22,25,10,13,17,4
346,8,2,2,21,26,5,0,28,3,2,1,21,9,15,0,25,3,18,18,8,8,14,1,27,25,26,9,22,15
347,8,29,4,26,0,13,19,19,20,27,13,6,23,7,24,17,29,23,21,19,24,12,5,21,22,13,7,23,17
348,8,16,3,22,27,11,19,18,7,10,23,13,0,22,21,7,0,0,3,11,4,22,5,23,22,0,8,15,14
349,8,29,6,0,2,11,21,18,17,24,9,20,26,6,25,7,5,21,18,18,24,13,0,25,25,12,9,22,15
350,8,26,2,14,26,29,0,29,0,27,20,2,18,19,1,27,19,29,27,28,18,0,1,5,27,26,7,24,16
351,8,5,2,10,1,6,9,8,20,16,28,29,26,28,1,29,0,21,5,28,11,0,4,2,27,26,11,3,12
354,8,16,1,11,1,4,29,26,14,27,22,13,20,1,22,17,19,29,28,28,17,1,0,20,26,26,9,22,15
355,8,6,1,20,0,2,20,10,15,0,17,9,22,1,14,18,6,24,8,18,8,1,5,23,22,26,2,23,8
356,8,19,2,16,26,7,25,18,14,15,23,9,0,22,23,3,0,11,22,8,20,21,3,24,24,5,5,18,15
357,8,11,1,15,1,4,10,15,18,27,29,26,21,1,6,19,9,28,24,26,11,0,5,22,23,26,5,21,15
358,8,0,21,1,2,29,2,23,20,27,20,9,21,2,21,13,19,28,24,23,20,4,1,22,25,23,9,23,15
359,8,20,1,15,27,9,22,11,18,8,29,23,9,24,29,10,0,7,21,20,28,23,3,9,18,5,6,14,18
362,9,7,26,28,28,23,9,10,27,12,18,13,26,13,14,2,2,15,5,10,8,23,3,9,18,5,6,14,18
363,9,16,24,26,26,13,24,23,0,29,27,11,13,25,7,11,24,4,12,6,25,23,3,9,18,5,6,14,18
364,9,22,2,6,1,15,8,17,1,25,7,6,20,2,23,1,20,26,25,13,25,23,3,9,18,5,6,14,18
365,9,1,22,3,3,5,5,15,6,12,28,2,17,6,1,27,29,20,5,7,6,23,3,9,18,5,6,14,18
366,9,21,0,19,1,5,28,25,12,27,10,0,17,2,8,4,18,26,20,12,20,23,3,9,18,5,6,14,18
367,9,16,26,27,28,6,16,18,15,17,2,22,27,7,0,19,28,15,22,13,25,23,3,9,18,5,6,14,18
370,9,16,3,5,28,12,6,8,1,24,4,14,22,1,24,1,19,25,19,9,20,23,3,9,18,5,6,14,18
371,9,2,3,9,27,4,6,6,17,12,22,18,25,3,0,12,4,24,7,9,10,23,3,9,18,5,6,14,18
372,9,2,24,22,2,5,11,18,13,15,21,7,21,2,21,14,9,25,8,7,9,23,3,9,18,5,6,14,18
373,9,3,4,10,25,8,2,28,0,0,24,20,15,9,7,4,4,17,10,8,5,23,3,9,18,5,6,14,18
374,9,17,14,16,1,25,0,29,13,24,5,11,20,3,8,14,16,25,16,9,22,23,3,9,18,5,6,14,18
375,9,6,0,14,0,7,5,10,14,26,15,0,14,1,18,9,12,24,11,12,12,23,3,9,18,5,6,14,18
378,9,4,0,19,0,3,7,4,1,10,29,14,19,2,13,6,7,23,9,11,8,23,3,9,18,5,6,14,18
379,9,13,5,9,28,9,25,26,15,22,5,11,20,1,13,11,18,26,15,7,21,23,3,9,18,5,6,14,18
380,9,1,5,2,2,6,4,4,3,0,9,17,17,4,1,16,1,22,5,12,7,23,3,9,18,5,6,14,18
381,9,15,26,27,1,15,17,21,2,12,2,24,14,23,15,19,21,0,12,2,3,23,3,9,18,5,6,14,18
382,9,24,27,28,28,12,20,24,14,22,1,23,24,15,0,11,4,16,16,3,25,23,3,9,18,5,6,14,18
383,9,14,21,19,1,10,18,14,15,21,7,13,25,6,27,6,20,16,17,6,25,23,3,9,18,5,6,14,18
386,9,28,19,6,3,8,9,12,7,22,17,28,23,1,22,10,16,26,17,10,15,23,3,9,18,5,6,14,18
387,9,18,24,26,28,22,16,10,8,0,29,24,0,25,4,17,28,6,10,8,23,23,3,9,18,5,6,14,18
388,9,23,0,2,0,9,7,5,27,24,7,8,26,6,9,2,12,21,15,6,23,23,3,9,18,5,6,14,18
389,9,8,24,6,5,8,4,9,12,16,12,7,0,1,18,7,8,23,12,11,10,23,3,9,18,5,6,14,18
390,9,15,24,18,2,15,27,7,21,26,5,10,19,2,21,14,18,27,25,13,23,23,3,9,18,5,6,14,18
391,9,21,29,29,0,1,29,28,12,26,8,2,28,3,16,13,14,25,27,18,24,23,3,9,18,5,6,14,18
394,9,10,27,28,28,20,13,14,0,5,21,11,0,12,6,1,21,0,13,7,2,23,3,9,18,5,6,14,18
395,9,0,29,29,1,8,9,3,28,15,11,14,7,24,26,5,20,10,12,7,24,23,3,9,18,5,6,14,18
396,9,11,26,27,28,18,14,14,3,5,21,3,17,19,6,0,0,2,8,3,6,23,3,9,18,5,6,14,18
397,9,23,0,24,0,7,12,13,28,21,22,19,29,12,28,18,2,12,17,6,26,23,3,9,18,5,6,14,18
398,9,7,25,25,1,9,21,19,14,22,22,16,20,1,22,14,14,27,23,15,16,23,3,9,18,5,6,14,18
399,9,0,20,0,0,11,0,29,3,0,27,16,17,6,7,1,14,22,11,12,6,23,3,9,18,5,6,14,18
402,9,0,18,5,3,6,19,20,14,23,10,15,20,1,25,15,14,27,22,13,14,23,3,9,18,5,6,14,18
403,9,18,27,28,28,14,22,22,5,11,28,25,9,24,16,12,26,6,15,14,27,23,3,9,18,5,6,14,18
404,9,9,3,15,25,7,3,17,17,21,23,16,20,26,0,22,0,25,11,11,12,23,3,9,18,5,6,14,18
405,9,10,0,29,0,7,16,21,28,25,1,23,16,8,7,1,4,18,6,11,7,23,3,9,18,5,6,14,18
406,9,11,29,29,1,19,16,15,28,14,18,27,5,26,10,8,27,7,12,8,25,23,3,9,18,5,6,14,18
407,9,3,26,28,1,9,3,23,28,5,2,24,1,16,8,4,1,12,7,5,11,23,3,9,18,5,6,14,18
410,10,23,24,17,5,21,2,15,0,26,0,28,5,14,1,24,3,21,5,18,21,14,8,21,17,0,26,26,8
411,10,22,14,2,4,29,22,2,15,26,16,0,18,0,29,27,16,26,8,27,21,10,23,1,20,21,4,23,16
412,10,9,14,4,28,0,29,29,8,2,15,15,13,23,17,8,27,0,0,22,5,21,8,22,17,1,25,26,0
413,10,4,13,0,6,0,1,6,18,18,17,2,14,7,10,13,12,14,14,19,7,6,0,25,24,8,26,27,0
414,10,26,2,11,1,24,2,13,0,27,15,6,13,10,13,24,9,21,3,15,14,7,7,21,22,19,20,23,9
415,10,23,10,0,4,1,29,28,10,27,15,2,17,7,7,24,5,15,0,29,23,9,1,23,24,15,3,24,16
418,10,9,2,7,23,14,7,12,5,29,7,0,16,5,9,5,9,22,19,19,7,6,10,19,16,25,3,3,19
419,10,21,17,1,5,1,1,4,24,29,1,10,19,2,26,24,18,17,3,23,14,1,1,24,24,24,11,20,12
420,10,25,13,5,4,9,5,0,26,26,16,1,19,1,27,25,18,27,12,22,19,15,2,27,25,24,3,24,17
421,10,4,22,9,5,20,15,5,7,0,29,16,15,16,25,27,2,13,22,15,8,15,7,21,20,15,0,26,1
422,10,16,15,2,5,1,1,11,25,28,1,9,19,9,2,28,16,22,9,19,11,2,1,26,25,25,4,20,10
423,10,8,1,12,21,12,15,12,6,5,11,2,15,9,7,12,5,13,14,17,6,11,10,19,17,23,2,16,22
426,10,21,16,1,13,0,29,29,12,28,0,29,5,28,1,29,29,11,3,24,24,17,9,2,21,9,13,11,11
427,10,16,9,2,4,23,7,23,20,23,13,7,23,10,1,25,24,13,27,15,1,24,2,24,23,7,10,4,0
428,10,5,12,0,1,9,17,3,28,1,6,13,15,18,19,22,0,9,8,12,10,16,2,24,22,7,10,4,0
429,10,4,9,0,4,8,6,29,27,0,23,14,14,23,18,4,2,11,17,9,10,16,1,26,25,11,3,23,7
430,10,19,15,0,2,16,26,19,18,20,19,14,10,27,29,22,0,10,23,22,28,26,7,1,20,6,9,16,14
431,10,23,22,14,5,12,11,0,16,18,20,8,6,24,4,18,23,10,20,14,27,26,0,27,28,7,9,13,15
434,10,21,22,20,5,8,10,5,11,21,10,29,3,11,3,16,26,28,29,28,23,19,6,13,13,9,10,12,14
435,10,24,18,1,12,5,6,0,0,25,17,6,11,13,1,29,5,11,1,25,21,13,2,26,25,12,13,20,13
436,10,28,2,13,5,8,3,3,6,25,19,0,15,3,26,26,17,24,6,13,9,1,4,18,25,26,8,11,11
437,10,7,8,0,27,11,22,17,3,13,0,26,14,21,19,0,26,29,28,13,0,19,3,22,22,0,5,23,13
438,10,16,9,2,4,14,17,21,19,23,16,6,22,10,27,29,26,28,29,28,25,15,2,23,20,9,3,24,16
439,10,29,14,21,5,5,15,6,9,19,18,4,24,7,0,28,9,25,9,17,12,2,1,26,24,22,3,25,12
442,10,3,11,0,10,8,21,14,8,4,5,25,7,8,12,13,2,17,12,14,8,13,2,25,22,6,4,15,17
443,10,13,2,10,26,0,29,29,11,29,5,8,20,5,3,19,10,24,18,17,9,3,12,19,17,25,24,0,0
444,10,25,17,1,5,1,1,5,18,29,2,8,24,2,27,26,19,12,1,20,15,5,1,21,26,23,11,21,12
445,10,2,11,1,4,6,23,9,11,0,22,8,14,4,16,1,7,20,10,14,7,7,2,24,22,23,11,21,12
446,10,12,8,0,3,0,29,29,9,9,13,11,12,24,22,6,22,5,19,6,18,23,1,27,26,4,3,17,13
447,10,25,16,2,4,4,1,11,25,25,16,1,15,5,25,23,17,21,4,15,17,5,0,20,26,17,21,16,10
450,10,8,21,5,3,10,25,19,11,2,12,14,14,14,2,18,25,12,24,9,21,19,7,22,21,0,26,27,0
451,11,3,13,12,9,18,3,26,28,25,29,28,22,26,16,5,27,29,1,10,2,24,22,6,4,3,13,18,9
452,11,16,13,11,12,25,6,26,28,15,9,20,6,28,16,0,2,5,18,29,27,26,20,1,24,3,19,0,19
453,11,9,18,17,18,20,11,22,0,24,29,24,22,25,14,2,26,4,13,7,0,23,17,7,3,3,3,23,7
454,11,21,13,5,9,26,7,26,4,22,29,29,28,16,24,19,9,15,7,13,20,13,15,5,13,14,1,26,3
455,11,12,11,11,10,24,9,25,8,18,29,28,26,17,19,13,3,8,12,10,27,19,23,14,1,7,20,4,1
458,11,16,12,8,11,28,2,18,17,8,0,29,23,18,24,16,7,8,16,15,0,14,25,22,4,11,21,2,4
459,11,21,12,7,11,13,4,20,28,21,8,23,28,18,24,24,13,16,10,8,17,10,12,6,16,18,1,27,2
460,11,13,18,14,10,14,11,2,0,12,0,29,26,12,13,15,3,7,2,25,25,19,27,27,28,8,3,19,1
461,11,11,16,12,7,16,3,6,0,14,24,24,25,14,22,18,7,14,14,20,19,12,13,5,12,14,23,16,25
462,11,12,10,7,10,24,6,22,27,11,25,26,4,28,18,0,26,5,14,10,0,19,25,1,27,4,10,20,2
463,11,2,15,11,13,15,11,23,0,0,10,13,18,18,23,25,1,6,26,27,5,18,25,20,2,14,24,12,0
466,11,12,16,10,11,22,13,29,6,14,24,25,26,28,17,2,23,7,16,4,0,26,17,23,1,4,13,8,4
467,11,13,13,5,9,29,3,9,22,12,12,29,1,14,14,20,10,19,23,23,16,9,22,12,11,18,8,22,22
468,11,16,14,5,10,20,17,12,14,0,9,8,17,23,22,25,15,13,10,13,16,9,18,18,9,16,19,9,23
469,11,1,11,8,8,12,17,23,4,14,22,9,21,6,16,5,10,4,10,17,13,8,9,13,3,13,1,21,21
470,11,7,15,9,7,5,16,4,22,19,28,23,22,22,18,12,7,29,7,6,2,17,13,0,23,9,23,13,14
471,11,4,19,16,16,15,12,21,2,0,3,11,18,19,5,22,29,22,27,20,3,18,18,6,4,3,23,20,0
474,11,8,22,20,17,14,19,22,7,23,23,8,19,18,24,22,2,5,25,14,4,16,16,2,7,11,13,25,18
475,11,11,16,13,10,21,13,11,17,14,26,25,25,27,15,5,26,1,19,5,22,25,14,0,7,8,17,1,14
476,11,10,17,14,11,24,3,25,27,12,26,26,25,29,19,0,23,4,16,10,28,20,26,5,0,4,22,26,25
477,11,19,10,8,10,21,19,17,9,16,17,4,18,21,26,22,12,13,8,10,19,12,19,17,9,14,19,7,1
478,11,15,12,5,9,29,5,8,19,17,7,25,28,15,21,23,13,13,5,20,17,9,14,10,12,17,1,26,25
479,11,16,13,8,13,28,3,13,11,16,9,26,29,20,19,14,29,9,21,27,27,22,7,16,2,6,5,25,24
482,11,3,11,5,8,14,18,24,7,26,0,29,2,17,18,20,1,29,29,22,11,19,16,1,2,9,24,1,0
483,11,1,15,10,10,15,11,23,8,2,14,12,18,15,9,11,4,16,27,26,5,15,23,16,2,15,21,21,15
484,11,12,20,17,10,20,4,22,28,8,12,21,4,29,29,25,22,4,9,1,0,27,11,27,0,2,13,3,19
485,11,6,15,9,8,20,5,27,27,7,14,21,2,25,6,20,27,2,22,12,18,25,5,27,1,8,1,22,6
486,11,17,15,11,14,28,3,20,7,16,2,29,28,16,20,15,5,18,27,28,23,17,17,2,2,11,0,24,5
487,11,15,15,11,8,28,6,17,7,15,0,27,25,14,20,21,7,23,28,29,22,13,22,20,4,12,24,22,1
490,11,4,11,6,9,28,7,7,18,5,5,29,4,21,15,8,4,1,23,22,3,16,18,3,28,17,26,15,0
491,11,1,13,11,9,9,21,29,2,9,22,15,25,10,9,5,6,0,5,27,5,15,9,0,3,26,3,26,20
492,11,3,12,7,11,27,7,3,23,4,15,29,0,8,19,5,7,1,2,0,0,9,20,8,6,13,2,9,22
493,11,9,11,9,8,29,2,7,22,21,20,7,18,14,23,21,12,13,17,16,17,7,25,24,7,18,22,17,22
494,11,2,13,15,7,27,3,13,24,6,22,14,21,11,13,11,15,25,28,23,15,7,15,4,8,19,17,11,20
495,11,10,11,8,7,23,14,20,2,15,23,11,19,13,19,27,13,2,1,26,18,7,9,7,11,17,19,22,23
498,11,4,13,10,7,18,17,18,4,12,23,11,19,13,4,20,13,29,29,26,17,8,7,15,8,16,12,11,21
499,11,3,16,8,7,6,15,8,23,11,25,19,22,12,17,9,11,17,21,4,23,12,14,2,20,13,1,21,20
500,11,6,20,22,8,16,8,28,0,3,18,17,29,18,5,21,29,29,29,22,0,19,9,0,3,11,17,16,19
501,11,3,18,13,16,15,12,8,13,26,24,6,19,13,18,6,9,6,25,26,6,13,12,4,1,11,16,22,16
502,12,17,11,9,10,14,10,12,27,19,25,27,27,20,17,14,29,18,29,29,25,23,16,6,2,8,17,0,9
503,12,7,15,12,17,20,12,26,0,6,16,23,1,27,15,1,25,3,26,6,8,23,11,10,23,7,6,13,8
506,12,29,29,29,14,10,25,19,16,24,19,11,27,22,26,20,7,15,7,6,23,15,21,20,7,11,15,3,12
507,12,24,26,23,15,29,18,3,26,15,11,15,4,29,22,0,22,5,4,27,28,25,24,23,20,4,10,8,1
508,12,20,15,16,10,19,20,16,10,20,0,28,27,19,21,17,5,0,0,29,23,16,15,6,12,10,20,6,5
509,12,8,19,19,24,18,10,4,19,5,13,18,3,21,19,20,0,0,19,26,3,19,16,7,10,13,17,25,22
510,12,14,12,19,22,23,14,25,1,11,17,21,29,29,18,2,22,7,13,12,27,27,24,24,22,0,26,27,2
511,12,8,18,15,12,28,4,4,24,8,17,10,22,13,13,13,15,18,2,3,3,1,27,26,6,18,1,13,25
514,12,22,16,13,11,3,29,23,12,23,2,26,27,6,28,29,17,19,14,9,16,6,7,17,20,19,20,7,1
515,12,23,21,22,13,20,22,19,17,17,20,17,27,14,23,18,7,0,0,29,22,17,20,2,7,10,23,15,6
516,12,5,17,12,12,27,4,4,23,6,16,16,27,17,13,12,12,20,14,0,19,10,25,21,4,18,21,7,15
517,12,11,25,24,19,29,3,10,24,0,12,0,19,9,15,9,11,11,20,27,11,7,10,15,20,19,2,17,24
518,12,5,21,17,11,19,11,2,17,3,14,23,1,16,10,11,6,20,7,1,24,13,24,17,8,22,26,25,0
519,12,20,20,19,15,24,14,15,3,15,14,17,1,21,17,13,29,2,27,29,0,23,14,17,2,5,14,25,16
522,12,15,17,19,24,25,7,15,4,12,15,17,1,22,7,12,27,5,2,26,26,26,9,0,26,5,16,4,24
523,12,25,20,18,11,6,22,14,18,23,17,2,21,20,27,23,18,26,2,1,3,9,10,15,16,16,26,24,3
524,12,16,22,20,12,19,10,8,22,13,2,26,25,10,18,23,12,15,8,18,15,7,16,12,13,21,10,2,5
525,12,29,29,29,21,3,27,19,18,19,14,11,3,11,23,20,19,16,9,17,16,12,26,12,0,17,24,17,3
526,12,16,12,13,10,21,4,17,0,16,21,25,28,29,23,2,22,7,10,27,0,26,23,27,1,3,16,3,2
527,12,3,17,15,17,10,21,26,6,3,19,27,28,15,12,21,1,29,28,25,0,17,1,26,2,11,21,22,15
530,12,2,11,11,16,20,14,4,17,3,14,27,2,11,10,7,3,3,26,27,4,12,22,23,2,10,10,16,15
531,12,10,11,9,11,23,15,18,8,12,24,28,28,28,14,1,23,6,13,4,0,23,24,22,3,3,8,21,9
532,12,21,26,27,24,27,4,8,16,14,15,22,0,18,14,18,1,9,8,23,22,19,6,21,22,9,24,18,5
533,12,17,10,10,19,24,19,26,4,11,17,12,28,29,29,23,22,8,15,0,0,27,18,2,21,6,7,20,4
534,12,25,16,9,11,15,4,10,20,27,22,13,23,29,3,29,17,17,13,6,19,11,13,14,15,16,15,2,11
535,12,6,14,13,12,20,10,6,20,7,13,16,4,22,15,13,7,9,25,19,4,14,25,20,3,13,11,10,25
538,12,17,17,14,20,28,7,1,24,15,14,8,1,8,26,29,15,14,10,22,14,9,26,12,0,20,21,16,1
539,12,24,20,18,14,29,0,22,0,23,18,24,29,4,29,29,18,20,15,5,12,7,6,3,16,20,22,20,25
540,12,9,11,7,7,8,18,5,20,12,22,23,26,26,0,28,12,16,20,20,16,4,12,11,12,21,17,3,21
541,12,22,21,18,12,4,18,7,13,19,19,4,21,13,26,27,15,25,2,7,3,8,14,14,15,20,15,2,3
542,12,18,13,8,8,16,0,5,0,20,25,27,28,14,20,28,16,16,7,16,14,5,8,16,17,22,17,11,23
543,12,27,26,27,12,27,28,25,17,23,22,22,27,19,25,22,11,18,12,8,18,12,15,6,12,10,26,27,2
546,12,7,11,10,11,20,9,9,14,9,8,25,29,24,15,14,0,29,29,29,0,17,27,25,3,8,25,20,0
547,12,11,25,23,23,28,4,6,24,4,14,4,27,11,5,18,13,9,13,21,13,5,5,11,22,19,15,0,24
548,12,5,20,15,16,26,5,2,23,4,19,27,28,11,10,10,8,20,18,3,14,9,24,16,8,22,24,16,0
549,13,27,28,27,16,6,9,0,23,22,16,8,22,8,8,9,13,19,23,10,12,7,25,19,6,18,23,15,1
550,13,5,17,20,17,3,10,5,25,2,10,5,21,4,13,4,11,8,15,15,13,5,11,18,21,19,14,3,20
551,13,26,24,25,14,25,3,29,1,28,19,1,19,9,26,24,14,23,8,10,12,4,14,13,21,24,15,4,13
554,13,14,18,22,15,4,10,6,24,9,15,2,24,21,1,24,14,19,20,27,17,3,14,17,14,23,20,1,19
555,13,23,25,22,19,3,14,10,11,22,2,25,6,16,18,19,8,11,3,17,22,12,6,14,22,12,25,10,5
556,13,23,11,19,13,27,12,10,16,24,4,19,7,20,8,21,1,13,6,13,25,18,16,8,15,9,23,11,5
557,13,13,17,22,18,22,15,11,11,10,15,16,3,24,6,16,25,6,15,29,28,26,17,0,28,6,22,18,24
558,13,20,24,21,15,3,20,3,14,9,10,4,13,24,5,19,27,16,17,0,27,22,12,7,12,13,25,0,9
559,13,3,13,20,15,14,10,4,25,1,14,4,26,6,13,2,9,1,28,0,9,8,14,1,15,22,24,26,23
562,13,17,9,14,17,8,16,7,8,17,5,20,4,22,5,15,25,21,16,1,2,22,8,12,28,8,15,6,15
563,13,14,11,17,19,12,5,7,1,13,12,14,5,19,2,24,29,10,19,16,25,18,18,0,28,8,24,8,3
564,13,14,20,24,13,10,13,1,26,28,25,18,20,11,3,20,14,21,16,16,11,2,24,17,9,24,14,6,13
565,13,10,21,24,15,20,9,1,24,6,13,11,6,12,9,7,6,27,3,2,1,14,14,1,15,23,26,26,0
566,13,4,12,18,13,23,7,0,23,1,18,8,19,11,4,16,8,17,23,15,6,11,27,21,2,17,2,17,24
567,13,0,0,29,0,0,2,9,24,21,10,4,2,14,3,23,11,12,7,18,12,6,22,5,13,23,17,1,21
570,13,22,27,25,19,0,25,4,23,19,10,2,12,20,2,27,15,10,4,22,16,3,7,8,24,21,20,1,19
571,13,14,22,22,14,15,6,0,23,13,12,5,22,13,8,10,9,17,17,3,20,12,26,16,2,9,0,26,24
572,13,29,29,29,19,0,28,9,21,18,12,2,12,5,24,18,19,7,2,21,18,4,18,0,0,20,24,10,1
573,13,20,26,25,17,17,8,3,13,11,7,19,8,18,12,15,4,20,8,2,1,15,27,23,2,12,1,23,5
574,13,27,28,27,14,1,10,4,25,24,12,6,26,10,12,9,10,13,17,17,11,10,12,16,21,23,8,9,21
575,13,3,5,13,15,12,14,6,27,7,6,21,8,15,14,15,4,12,24,16,7,14,27,21,2,10,8,20,11
578,13,9,22,23,14,5,12,0,26,28,26,6,21,8,2,15,15,14,15,18,9,12,0,22,0,23,25,27,3
579,13,6,10,19,14,19,13,4,19,5,8,21,9,15,11,15,1,29,29,21,0,16,17,4,13,12,5,10,5
580,13,17,10,17,16,26,9,22,11,18,4,21,8,29,26,9,22,17,19,24,3,22,8,19,28,3,17,20,5
581,13,27,26,26,16,4,24,10,19,26,11,21,2,23,12,25,17,22,11,3,17,8,7,13,23,19,23,10,4
582,13,24,23,23,15,28,0,28,0,19,4,22,8,28,18,2,23,7,4,19,27,23,24,23,6,6,14,12,14
583,13,11,10,20,18,2,10,8,25,5,15,9,11,25,9,18,24,14,16,0,2,22,19,18,28,0,18,3,11
586,13,26,17,20,18,13,15,9,13,25,10,12,5,21,18,19,8,19,10,4,20,13,12,14,21,13,25,16,3
587,13,26,27,26,14,0,2,9,24,28,25,6,18,14,14,13,8,14,20,15,9,15,13,15,22,24,23,23,22
588,13,6,17,20,16,13,21,24,2,1,16,11,12,22,5,21,28,10,25,13,24,19,22,8,9,3,14,12,10
589,13,11,18,21,17,15,17,16,11,7,6,19,10,24,12,5,25,9,24,1,2,22,13,8,15,8,9,5,7
590,13,5,17,18,13,14,11,0,25,1,18,3,18,7,8,8,11,18,21,12,9,27,0,27,0,23,22,11,17
591,13,13,17,20,14,21,12,13,7,11,4,23,8,22,6,16,27,12,18,11,1,20,20,3,4,1,24,18,0
594,14,2,3,16,27,12,7,11,27,2,28,8,20,3,27,8,17,23,6,9,6,20,20,3,4,1,24,18,0
595,14,11,2,14,24,23,2,16,28,0,25,2,14,10,28,1,0,4,23,6,3,20,20,3,4,1,24,18,0
596,14,1,24,3,3,15,26,1,26,17,29,0,14,14,24,6,20,16,3,9,4,20,20,3,4,1,24,18,0
597,14,22,5,22,22,10,23,12,17,23,1,16,26,5,28,1,1,23,26,2,2,20,20,3,4,1,24,18,0
598,14,4,3,15,26,22,1,29,0,22,27,11,18,0,22,6,21,25,13,9,10,20,20,3,4,1,24,18,0
599,14,20,5,18,23,12,25,13,19,28,22,16,19,3,25,10,21,24,13,4,26,20,20,3,4,1,24,18,0
602,14,21,4,19,21,4,28,11,25,1,23,29,29,2,10,3,20,26,16,2,25,20,20,3,4,1,24,18,0
603,14,2,4,16,27,14,1,23,27,3,26,21,20,1,22,6,20,26,14,9,7,20,20,3,4,1,24,18,0
604,14,1,18,2,6,3,4,16,17,2,26,25,0,26,1,4,22,24,10,9,6,20,20,3,4,1,24,18,0
605,14,18,3,20,26,24,4,24,14,28,20,6,17,0,25,4,20,27,11,2,17,20,20,3,4,1,24,18,0
606,14,9,2,13,24,21,1,6,26,8,0,3,28,24,27,9,21,6,24,3,3,20,20,3,4,1,24,18,0
607,14,2,4,16,26,26,26,15,27,29,29,17,0,2,25,12,14,26,16,5,1,20,20,3,4,1,24,18,0
610,14,14,2,10,22,4,26,14,9,26,27,4,18,5,21,8,4,19,18,4,27,20,20,3,4,1,24,18,0
611,14,3,2,17,25,26,27,14,10,6,29,23,21,14,22,0,24,3,24,1,10,20,20,3,4,1,24,18,0
612,14,2,4,18,27,22,27,6,26,7,29,20,17,11,23,3,20,17,5,3,7,20,20,3,4,1,24,18,0
613,14,6,2,12,23,28,26,5,25,8,24,25,28,25,10,1,25,5,11,2,21,20,20,3,4,1,24,18,0
614,14,20,3,16,22,29,1,26,20,28,27,4,18,1,27,14,21,24,16,3,26,20,20,3,4,1,24,18,0
615,14,29,23,0,0,27,22,29,28,21,28,4,15,0,23,5,15,26,14,8,10,20,20,3,4,1,24,18,0
618,14,12,23,23,6,27,26,29,28,19,28,4,15,3,19,2,13,25,21,0,23,20,20,3,4,1,24,18,0
619,14,22,4,20,22,1,29,23,16,28,28,11,17,0,26,0,21,27,14,4,23,20,20,3,4,1,24,18,0
620,14,24,3,20,21,16,25,14,20,1,26,11,15,2,11,3,19,27,19,11,21,20,20,3,4,1,24,18,0
621,14,27,0,25,0,4,26,3,25,20,28,3,14,3,25,10,21,24,4,10,6,20,20,3,4,1,24,18,0
622,14,2,5,21,25,7,25,11,13,3,1,9,13,10,16,3,5,21,5,3,24,20,20,3,4,1,24,18,0
623,14,11,2,9,20,7,14,19,16,28,28,6,16,12,16,3,2,14,22,2,1,20,20,3,4,1,24,18,0
626,14,13,2,14,25,0,15,17,27,28,9,1,16,2,26,3,21,10,9,5,28,20,20,3,4,1,24,18,0
627,14,5,6,23,26,3,29,27,11,24,27,3,18,1,12,9,18,26,11,6,10,20,20,3,4,1,24,18,0
628,14,2,3,13,22,10,2,21,15,3,1,10,15,9,16,0,8,17,7,3,9,20,20,3,4,1,24,18,0
629,14,9,21,16,4,14,4,20,1,3,27,15,22,23,23,20,28,6,7,7,27,20,20,3,4,1,24,18,0
630,14,9,3,15,25,20,3,24,14,26,28,4,16,0,20,7,21,25,14,8,14,20,20,3,4,1,24,18,0
631,14,15,4,19,22,5,24,10,12,23,6,16,20,10,25,8,21,14,9,3,22,20,20,3,4,1,24,18,0
634,14,8,21,10,4,26,26,9,19,20,26,0,16,22,22,4,8,3,17,4,19,20,20,3,4,1,24,18,0
635,14,17,3,19,23,10,20,15,10,0,29,29,0,26,26,8,0,10,18,9,26,20,20,3,4,1,24,18,0
636,14,14,3,17,21,5,25,10,22,28,28,2,15,1,10,7,19,27,18,10,20,20,20,3,4,1,24,18,0
637,14,2,5,19,25,1,20,8,26,2,1,11,15,4,25,1,20,23,5,0,9,20,20,3,4,1,24,18,0
638,14,17,5,21,23,10,13,20,15,15,9,18,6,26,12,26,2,9,13,5,24,20,20,3,4,1,24,18,0
639,14,15,3,18,23,19,27,6,26,5,4,3,14,27,25,1,22,9,18,0,2,20,20,3,4,1,24,18,0
642,14,8,4,3,2,5,24,7,7,28,28,5,14,2,25,8,21,27,7,6,23,20,20,3,4,1,24,18,0
643,14,11,4,8,0,11,22,13,14,11,25,0,17,1,22,1,20,28,12,4,21,20,20,3,4,1,24,18,0
644,14,12,5,22,24,19,28,3,26,11,7,22,7,23,22,4,26,8,22,4,2,20,20,3,4,1,24,18,0
645,14,1,9,22,28,6,2,19,10,1,27,22,24,2,24,6,2,24,6,3,9,20,20,3,4,1,24,18,0
646,14,13,2,11,22,21,1,8,26,29,29,29,23,3,21,6,21,21,16,4,23,20,20,3,4,1,24,18,0
647,14,8,3,17,25,19,19,3,26,6,26,16,21,29,2,25,20,8,7,2,1,20,20,3,4,1,24,18,0
650,15,22,13,4,6,25,22,24,9,19,19,21,29,11,23,28,11,7,2,24,16,9,8,18,21,18,12,1,1
651,15,3,26,17,3,16,18,17,5,10,6,23,3,19,2,22,8,11,13,21,14,8,24,19,8,17,16,8,21
652,15,19,26,9,2,0,28,5,0,20,3,28,29,1,29,29,12,11,7,14,19,13,2,13,21,13,18,5,2
653,15,19,20,8,17,26,4,8,14,14,7,14,10,27,13,4,25,5,14,6,0,22,24,22,3,0,20,21,12
654,15,7,14,3,8,16,16,20,6,5,11,22,29,17,11,5,10,14,14,4,27,12,11,6,15,13,11,18,20
655,15,25,13,2,6,28,14,24,11,23,21,16,1,16,24,25,12,18,9,10,16,10,5,18,23,17,14,1,10
658,15,7,14,3,9,17,13,21,1,5,10,26,2,21,13,15,4,28,2,3,1,15,12,6,11,10,3,9,21
659,15,19,18,6,13,23,14,18,9,17,1,27,5,27,17,5,25,4,10,24,1,24,24,24,1,0,17,10,2
660,15,25,14,3,7,13,23,7,24,24,26,26,29,17,22,23,8,14,4,14,19,12,7,16,15,14,11,4,12
661,15,12,2,14,20,22,9,11,16,18,6,15,9,26,15,11,28,4,15,2,0,24,18,6,28,0,16,15,25
662,15,16,13,4,7,22,21,20,5,15,22,10,1,23,1,27,9,15,11,22,15,10,9,20,17,18,13,1,22
663,15,6,16,6,20,13,21,24,2,4,13,22,3,20,8,8,3,6,25,25,6,17,7,14,16,15,25,16,0
666,15,0,28,27,3,24,12,11,5,17,9,11,28,14,22,20,10,12,8,21,16,9,20,19,10,17,14,3,24
667,15,26,6,2,0,29,2,16,20,19,6,26,3,21,25,24,7,9,5,14,21,15,5,2,11,11,16,1,25
668,15,12,0,19,0,7,21,15,14,24,14,3,21,22,26,24,8,26,2,1,19,13,23,18,10,12,15,0,2
669,15,12,18,12,21,16,23,24,4,6,18,18,27,23,6,9,24,3,12,3,0,25,6,16,16,0,26,23,0
670,15,3,10,6,7,13,23,20,2,4,20,20,1,8,14,6,6,15,23,21,13,10,16,6,9,15,6,6,16
671,15,7,15,10,7,19,21,20,11,5,20,18,26,8,7,14,11,13,17,17,15,8,15,14,11,16,11,9,19
674,15,19,17,4,10,20,18,25,4,17,2,28,2,24,16,9,28,9,14,1,0,24,14,21,28,2,18,16,25
675,15,28,1,18,0,24,15,17,14,11,11,19,8,20,19,20,4,8,17,21,24,17,4,3,6,8,19,12,5
676,15,22,14,1,6,29,1,17,20,21,15,19,8,13,26,25,12,15,12,14,15,10,11,17,13,17,23,17,1
677,15,27,29,26,23,11,13,10,16,17,13,2,20,22,24,22,7,26,2,3,21,11,26,24,8,13,4,24,24
678,15,24,27,25,20,27,5,4,18,18,13,20,2,26,11,18,28,6,11,3,0,27,0,26,0,7,12,8,9
679,15,11,14,3,7,19,17,20,9,7,13,23,2,14,12,12,10,13,21,10,20,11,14,14,12,14,17,5,21
682,15,24,14,4,10,12,24,7,23,21,21,21,27,19,11,23,4,26,29,15,22,0,27,27,3,12,13,10,9
683,15,14,1,8,0,14,15,15,15,24,17,14,29,23,24,18,6,18,13,0,3,26,25,0,0,7,16,9,3
684,15,12,16,8,10,26,6,9,18,13,21,28,29,12,23,27,10,9,12,16,18,11,8,13,9,15,23,25,23
685,15,10,23,7,3,16,28,25,1,4,2,13,8,18,6,14,6,14,18,7,21,14,24,21,7,14,2,9,21
686,15,21,15,5,12,28,5,18,13,16,13,17,2,18,10,18,28,6,2,25,24,22,9,7,14,7,12,3,2
687,15,12,2,11,15,18,10,12,16,20,10,10,8,25,21,11,3,9,14,1,0,22,18,10,3,1,14,2,24
690,15,16,15,3,7,27,5,17,16,13,17,29,1,13,20,23,10,10,9,15,19,10,14,15,13,15,19,21,23
691,15,18,26,19,21,26,6,3,19,21,28,25,24,23,15,26,1,14,14,5,0,15,26,25,4,10,3,15,20
692,15,7,15,5,15,15,20,26,2,2,17,16,8,23,10,19,28,2,23,20,8,19,18,10,8,11,23,10,0
693,15,20,14,4,9,26,13,24,3,13,18,14,2,22,14,17,2,8,22,29,25,19,14,5,3,9,1,27,4
694,15,22,5,28,23,9,23,18,14,25,16,9,25,24,25,21,8,20,11,0,5,14,21,22,8,9,16,1,8
695,15,19,17,6,18,28,6,12,15,13,17,15,27,28,15,7,23,7,13,5,26,25,3,19,28,4,5,5,6
698,15,25,15,2,7,26,18,26,1,24,23,20,28,19,27,26,12,13,4,11,21,13,8,15,12,13,25,21,3
699,15,25,16,0,7,27,24,17,11,24,2,28,3,12,28,26,10,13,6,11,20,13,19,21,8,13,19,13,5
700,15,15,15,1,7,21,25,27,5,7,19,12,5,28,21,9,23,5,4,27,28,26,13,15,1,1,13,7,2
701,15,14,3,8,18,18,8,7,19,29,27,18,12,22,24,23,6,24,1,11,20,8,27,25,7,13,11,17,23
702,15,23,16,2,6,29,2,14,18,22,25,25,27,19,24,27,14,11,4,13,21,11,6,13,11,14,22,18,1
703,15,13,25,11,3,22,21,23,9,16,19,16,29,24,11,15,28,7,28,26,26,25,9,5,27,4,11,12,3
706,15,13,24,13,21,24,5,2,21,8,13,6,21,21,9,18,4,20,3,4,0,9,27,25,6,11,9,11,20
707,15,22,6,16,22,9,22,16,14,24,14,3,23,21,27,26,10,26,2,0,3,13,17,20,9,11,16,1,12
708,15,6,9,2,8,13,5,15,7,3,21,16,28,17,5,17,2,12,18,8,21,16,14,5,12,11,0,27,1
709,15,22,18,7,20,29,0,11,23,17,14,22,2,21,6,15,26,7,3,26,28,26,8,19,1,4,10,12,14
710,15,25,16,3,7,26,27,15,13,24,7,22,1,20,27,24,6,8,2,18,24,15,13,10,10,10,21,3,3
711,15,15,13,3,8,22,18,27,1,12,15,1,10,29,19,1,23,4,16,12,28,27,10,11,13,0,16,8,11
714,16,8,20,13,5,6,27,19,27,2,24,24,27,5,18,3,8,25,6,0,27,6,22,0,4,21,25,24,23
715,16,26,21,20,10,26,13,22,8,23,29,28,3,14,18,25,17,21,10,9,17,4,5,7,24,19,0,17,19
716,16,25,17,15,8,28,4,17,19,26,7,14,7,3,29,29,18,20,8,11,15,5,7,6,17,22,18,2,20
717,16,18,11,15,11,24,24,6,21,20,16,16,13,21,9,13,0,8,15,18,26,21,13,2,26,6,16,10,12
718,16,28,28,26,10,12,23,28,1,7,5,18,13,17,12,20,29,29,29,27,0,17,18,1,11,9,23,20,24
719,16,23,20,21,10,24,13,17,10,23,0,28,4,5,25,26,18,20,8,12,14,2,5,8,20,18,0,11,0
722,16,27,26,26,9,29,1,12,22,23,8,15,6,15,12,23,17,13,4,18,15,3,14,17,12,23,18,7,21
723,16,11,6,8,9,21,28,8,21,9,21,11,13,26,6,17,26,3,15,25,21,24,17,18,3,4,12,10,3
724,16,28,25,24,9,28,27,19,20,27,5,15,7,28,3,26,18,20,8,8,17,7,9,13,20,20,21,6,24
725,16,16,12,15,11,17,27,19,0,14,6,14,11,27,16,6,24,5,19,24,28,26,18,14,3,1,14,5,1
726,16,1,6,10,12,11,15,12,27,3,11,23,11,15,20,17,0,3,25,17,4,17,26,16,1,0,22,5,23
727,16,13,20,21,9,14,18,13,8,12,3,26,8,1,29,28,12,21,22,27,13,4,10,13,13,22,12,2,19
730,16,4,10,18,7,16,19,8,8,6,2,27,9,12,4,13,5,15,23,13,5,13,12,7,14,14,0,19,2
731,16,12,14,18,11,20,22,22,10,10,4,18,11,25,8,11,25,3,15,5,2,23,15,11,11,1,24,4,0
732,16,29,29,28,10,19,29,28,13,25,8,4,13,21,21,19,13,16,9,9,17,10,17,6,10,15,22,7,2
733,16,17,20,19,8,17,20,17,9,29,0,29,4,0,29,29,15,12,4,28,16,2,14,15,12,25,26,20,22
734,16,5,20,4,5,11,16,12,0,1,20,24,4,11,12,10,4,11,25,19,5,14,25,7,1,0,0,27,23
735,16,23,25,21,8,25,7,6,15,20,4,15,12,23,16,4,29,4,16,28,28,21,8,23,1,1,14,0,9
738,16,28,27,27,12,24,19,25,6,24,2,24,7,13,17,21,13,19,12,10,19,8,11,11,20,16,0,8,0
739,16,27,20,1,4,21,25,0,23,26,24,8,14,22,19,20,12,16,6,7,18,12,8,7,25,14,18,6,10
740,16,18,23,20,8,20,19,17,13,16,8,16,7,15,3,22,16,18,18,25,13,1,26,25,7,23,21,17,22
741,16,28,28,26,9,11,18,28,0,7,6,18,13,16,11,3,7,2,24,19,4,14,18,3,11,14,22,25,22
742,16,8,17,15,9,16,17,13,12,10,6,20,9,7,5,17,16,10,11,22,11,4,16,6,15,21,8,0,1
743,16,27,24,0,6,18,26,3,5,25,26,7,14,0,29,29,18,20,9,6,15,16,27,26,0,18,19,4,10
746,16,5,14,14,9,14,19,19,4,7,6,19,10,7,11,10,14,19,21,9,11,9,17,3,13,21,21,23,24
747,16,27,27,25,11,19,13,15,5,17,4,17,12,25,14,3,25,4,14,12,0,26,14,2,12,1,16,10,4
748,16,28,27,27,11,24,19,25,6,25,1,26,6,12,18,20,13,18,9,11,19,8,11,11,20,15,1,0,1
749,16,12,10,12,10,11,22,10,3,10,25,10,25,13,3,25,15,18,20,24,15,4,17,2,11,22,15,3,20
750,16,15,25,23,9,11,17,6,10,9,0,28,9,10,3,15,9,16,22,20,8,9,15,12,10,19,1,13,3
751,16,12,7,13,14,18,19,27,5,14,7,22,10,27,16,4,23,5,11,0,0,27,6,20,21,4,10,11,8
754,16,14,7,15,15,13,5,5,0,10,19,10,5,23,10,8,26,11,29,28,27,24,13,0,6,5,15,0,19
755,16,26,25,21,9,26,4,7,16,23,5,13,11,15,20,12,3,8,11,17,26,17,23,14,3,7,24,20,2
756,16,13,22,22,11,17,4,14,2,7,6,20,12,17,13,15,5,7,23,15,5,15,15,5,11,12,15,1,19
757,16,28,27,27,12,24,19,25,6,24,2,24,7,13,17,21,13,19,12,10,19,8,11,11,20,16,0,8,0
758,16,15,7,9,8,21,23,1,21,13,27,0,17,11,11,27,18,11,4,21,16,4,4,0,27,21,17,1,20
759,16,13,20,22,12,15,29,29,2,7,5,21,11,22,14,19,0,11,13,5,28,18,15,6,11,8,12,3,4
762,16,5,13,14,7,14,16,8,9,9,1,27,9,8,3,17,11,22,24,27,10,5,11,10,14,21,2,11,24
763,16,24,26,24,8,29,3,1,19,11,4,20,12,8,8,6,11,3,6,17,12,8,15,8,14,21,26,8,0
764,17,21,3,6,24,21,1,20,0,27,2,11,8,5,27,29,5,23,5,25,22,10,21,17,15,18,15,13,14
765,17,29,29,29,27,2,9,28,3,15,26,25,4,3,9,2,11,22,19,15,4,5,20,7,17,25,4,15,4
766,17,4,6,1,3,25,0,26,11,21,19,5,14,3,2,27,16,27,19,20,11,0,2,7,14,27,11,7,9
767,17,21,28,27,0,9,18,6,13,21,26,19,7,23,29,29,25,12,4,25,23,17,19,10,11,10,16,11,13
770,17,5,26,26,28,3,10,18,2,5,4,26,13,3,20,0,8,21,21,16,4,3,16,14,20,26,2,21,5
771,17,2,0,28,0,1,6,13,0,22,1,18,12,28,2,16,23,22,16,23,6,1,18,15,14,26,8,8,12
772,17,11,6,1,3,19,3,3,13,15,20,1,15,4,4,26,19,27,13,22,13,0,0,7,27,27,15,5,10
773,17,20,6,0,3,25,3,15,0,23,17,1,15,29,0,24,19,25,4,25,17,0,0,22,27,27,16,9,11
774,17,9,0,14,0,13,0,27,11,25,12,4,13,0,29,28,11,28,23,22,8,0,17,6,11,27,2,6,25
775,17,29,29,29,25,6,2,24,2,19,6,28,27,21,29,28,28,7,19,11,4,16,20,13,16,0,20,13,22
778,17,17,24,23,27,7,12,1,26,27,0,28,9,28,1,29,0,1,25,14,13,18,17,8,1,8,14,16,17
779,17,26,28,28,24,10,20,22,12,28,20,4,16,11,1,21,23,2,0,27,0,26,14,7,2,6,16,13,17
780,17,24,5,8,25,26,4,26,14,28,5,3,9,4,25,29,14,27,10,24,20,2,12,19,21,25,13,9,15
781,17,17,28,28,26,25,0,2,26,12,7,17,13,29,29,22,0,11,19,2,24,22,19,17,14,1,16,4,12
782,17,18,24,24,25,11,1,24,5,16,1,26,14,18,4,13,23,3,23,6,14,27,12,20,21,7,13,5,10
783,17,19,4,4,0,18,3,9,0,15,20,0,15,24,0,28,19,28,17,16,13,0,4,0,13,27,11,15,17
786,17,8,24,25,28,6,3,25,3,0,24,15,15,10,16,11,27,1,20,15,4,16,17,18,24,9,17,9,12
787,17,19,6,1,3,22,1,21,0,27,9,5,13,3,26,28,10,24,7,21,19,3,2,22,25,24,17,6,13
788,17,15,8,8,1,15,1,25,8,17,20,1,15,0,27,25,15,28,19,19,10,0,10,7,13,27,10,7,17
